question,answer,context,criteria,score,,
2026-02-06T15:53:28Z,fast-constitution,which is the first ammendment?,"The First Amendment is:

""Congress shall make no law respecting an establishment of religion, or prohibiting the free exercise thereof; or abridging the freedom of speech, or of the press, or the right of the people peaceably to assemble, and to petition the Government for a redress of grievances.""","original Constitution. 
 
(Note: The first 10 amendments  to the Constitution  were 
ratified December 15, 1791, and form what is known as 
the “Bill of Rights.”)  
Amendment  I. 
Congress shall make no law respecting an establishment of 
religion, or prohibiting the free exercise thereof; or abridg- 
ing the freedom of speech, or of the press, or the right 
of the people peaceably to assemble, and to petition the 
Government for a redress of grievances. 
Amendment  II.

C O N S T I T U T I O N O F T H E U N I T E D S T A T E S  
Amendment  XV. 
Passed by Congress February 26, 1869. Ratified February 3, 1870. 
 
SECTION 1 
The right of citizens of the United States to vote shall not be 
denied or abridged by the United States or by any State on 
account of race, color, or previous condition of servitude. 
SECTION 2 
The Congress shall have the power to enforce this article by 
appropriate legislation. 
Amendment  XVI.

imposed, nor cruel and unusual punishments inflicted. 
Amendment  IX. 
The enumeration in the Constitution, of certain rights, 
shall not be construed to deny or disparage others retained 
by the people. 
Amendment  X. 
The powers not delegated to the United States by the Con- 
stitution, nor prohibited by it to the States, are reserved to 
the States respectively, or to the people. 
 
AMENDMENTS 11-27 
 
Amendment  XI. 
Passed by Congress March 4, 1794. Ratified February 7, 1795.

of amendment. 
SECTION 2 
The Congress shall have power to enforce this article by 
appropriate legislation. 
Amendment  XXIV. 
Passed by Congress August 27, 1962. Ratified January 23, 1964. 
 
SECTION 1 
The right of citizens of the United States to vote in any pri- 
mary or other election for President or Vice President, for 
electors for President or Vice President, or for Senator or 
Representative in Congress, shall not be denied or abridged

C O N S T I T U T I O N O F T H E U N I T E D S T A T E S  
THE AMENDMENTS TO THE CONSTITUTION OF 
THE UNITED STATES AS RATIFIED BY THE STATES 
 
 
Preamble to the 
Bill  of  Rights 
Congress of the United States 
begun and held at the City of New-York, on 
Wednesday the fourth of March,  
 
 
THE Conventions of a number of the States, having at 
the time of their adopting the Constitution, expressed 
a desire, in order to prevent misconstruction or abuse",Contextual_Hallucination,1
2026-02-06T15:53:42Z,fast-constitution,which is the second ammendment?,"The Second Amendment to the United States Constitution is: 

""A well regulated Militia, being necessary to the security of a free State, the right of the people to keep and bear Arms, shall not be infringed.""","Amendment  II. 
A well regulated Militia, being necessary to the security of 
a free State, the right of the people to keep and bear Arms, 
shall not be infringed.  
Amendment  III. 
No Soldier shall, in time of peace be quartered in any 
house, without the consent of the Owner, nor in time of 
war, but in a manner to be prescribed by law. 
Amendment  IV. 
The right of the people to be secure in their persons, hous- 
es, papers, and effects, against unreasonable searches and

original Constitution. 
 
(Note: The first 10 amendments  to the Constitution  were 
ratified December 15, 1791, and form what is known as 
the “Bill of Rights.”)  
Amendment  I. 
Congress shall make no law respecting an establishment of 
religion, or prohibiting the free exercise thereof; or abridg- 
ing the freedom of speech, or of the press, or the right 
of the people peaceably to assemble, and to petition the 
Government for a redress of grievances. 
Amendment  II.

C O N S T I T U T I O N O F T H E U N I T E D S T A T E S  
Amendment  XV. 
Passed by Congress February 26, 1869. Ratified February 3, 1870. 
 
SECTION 1 
The right of citizens of the United States to vote shall not be 
denied or abridged by the United States or by any State on 
account of race, color, or previous condition of servitude. 
SECTION 2 
The Congress shall have the power to enforce this article by 
appropriate legislation. 
Amendment  XVI.

imposed, nor cruel and unusual punishments inflicted. 
Amendment  IX. 
The enumeration in the Constitution, of certain rights, 
shall not be construed to deny or disparage others retained 
by the people. 
Amendment  X. 
The powers not delegated to the United States by the Con- 
stitution, nor prohibited by it to the States, are reserved to 
the States respectively, or to the people. 
 
AMENDMENTS 11-27 
 
Amendment  XI. 
Passed by Congress March 4, 1794. Ratified February 7, 1795.

place subject to their jurisdiction.  
SECTION 2 
Congress shall have power to enforce this article by 
appropriate legislation. 
Amendment  XIV. 
Passed by Congress June 13, 1866. Ratified July 9, 1868. 
(Note: Article I, Section 2 of the Constitution  was modified by 
Section 2 of the 14th Amendment.)  
 
SECTION 1 
All persons born or naturalized in the United States and 
subject to the jurisdiction thereof, are citizens of the United",Contextual_Hallucination,1
2026-02-06T15:53:54Z,fast-constitution,which is murphy's law?,"The provided context does not mention Murphy's Law. It is related to legal and constitutional matters, specifically the U.S. Constitution and its amendments.","War or public danger; nor shall any person be subject for 
the same offence to be twice put in jeopardy of life or limb; 
nor shall be compelled in any criminal case to be a witness 
against himself, nor be deprived of life, liberty, or property, 
without due process of law; nor shall private property be 
taken for public use, without just compensation.

Objections to that House in which it shall have originated, 
who shall enter the Objections at large on their Journal, 
and proceed to reconsider it. If after such Reconsideration 
two thirds of that House shall agree to pass the Bill, it shall 
be sent, together with the Objections, to the other House, 
by which it shall likewise be reconsidered, and if approved 
by two thirds of that House, it shall become a Law. But in 
all such Cases the Votes of both Houses shall be determined

seizures, shall not be violated, and no Warrants shall issue, 
but upon probable cause, supported by Oath or affirma- 
tion, and particularly describing the place to be searched, 
and the persons or things to be seized. 
Amendment  V. 
No person shall be held to answer for a capital, or otherwise 
infamous crime, unless on a presentment or indictment of 
a Grand Jury, except in cases arising in the land or naval 
forces, or in the Militia, when in actual service in time of

SECTION. 2 
The judicial Power shall extend to all Cases, in Law and 
Equity, arising under this Constitution, the Laws of the 
United States, and Treaties made, or which shall be made, 
under their Authority; - to all Cases affecting Ambassa- 
dors, other public Ministers and Consuls; - to all Cases of 
admiralty and maritime Jurisdiction; - to Controversies to 
which the United States shall be a Party; - to Controversies 
between two or more States; - [between a State and Citizens

by Yeas and Nays, and the Names of the Persons voting for 
and against the Bill shall be entered on the Journal of each 
House respectively, If any Bill shall not be returned by the 
President within ten Days (Sundays excepted) after it shall 
have been presented to him, the Same shall be a Law, in 
like Manner as if he had signed it, unless the Congress by 
their Adjournment prevent its Return, in which Case it shall 
not be a Law 
Every Order, Resolution, or Vote to which the Concur-",Contextual_Hallucination,3
